company_id,total_negative_signals,avg_severity,max_severity,high_severity_count,primary_c_category,dominant_signal_type,finbert_risk_score
21STCENMGM,1,0.9032,0.9032,1,Conditions,company_financial_stress,0.9613
3IINFOLTD,3,0.8862666666666668,0.9332,3,Conditions,company_financial_stress,0.9545
5PAISA,2,0.6598999999999999,0.7155,0,Capital,company_financial_stress,0.264
63MOONS,10,0.8682700000000001,0.9633,8,Character,company_financial_stress,0.8273
A2ZINFRA,3,0.9438,0.9694,3,Character,company_financial_stress,0.9775
AADHARHFC,1,0.9516,0.9516,1,Conditions,sector_regulatory_headwind,0.9806
AAKASH,1,0.8248,0.8248,1,Character,company_financial_stress,0.9299
AAREYDRUGS,2,0.7826,0.8136,1,Capacity,company_financial_stress,0.613
AARON,4,0.93215,0.953,4,Conditions,sector_regulatory_headwind,0.9729
AARTECH,1,0.6867,0.6867,0,Capacity,company_financial_stress,0.2747
AARTIDRUGS,2,0.9621999999999999,0.9675,2,Collateral,company_financial_stress,0.9849
AARTIIND,9,0.8355111111111111,0.9687,5,Conditions,company_financial_stress,0.6675
AARTISURF,1,0.9603,0.9603,1,Conditions,sector_regulatory_headwind,0.9841
AARVI,1,0.9573,0.9573,1,Character,company_financial_stress,0.9829
ABAN,9,0.8846555555555555,0.9739,7,Conditions,company_financial_stress,0.8205
ABINFRA,1,0.9281,0.9281,1,Collateral,sector_regulatory_headwind,0.9712
ABLBL,1,0.944,0.944,1,Conditions,company_financial_stress,0.9776
ABMINTLLTD,2,0.9505,0.9686,2,Character,company_financial_stress,0.9802
ABREL,4,0.862175,0.9281,3,Character,company_financial_stress,0.7949
ABSLAMC,3,0.9001333333333333,0.9517,3,Conditions,sector_regulatory_headwind,0.9601
ACCURACY,1,0.916,0.916,1,Character,company_financial_stress,0.9664
ACE,6,0.8637666666666667,0.9566,4,Conditions,company_financial_stress,0.7455
ACEINTEG,4,0.907,0.9317,4,Character,company_financial_stress,0.9628
ACI,1,0.7648,0.7648,0,Character,company_financial_stress,0.3059
ACMESOLAR,5,0.93768,0.9733,5,Character,company_financial_stress,0.9751
ACUTAAS,3,0.7909,0.9358,1,Conditions,company_financial_stress,0.5164
ADANIENT,1,0.7672,0.7672,0,Collateral,company_litigation_news,0.3069
ADANIPORTS,4,0.7323999999999999,0.8055,1,Conditions,company_financial_stress,0.443
ADL,2,0.86535,0.9288,2,Character,company_financial_stress,0.9461
ADSL,1,0.9162,0.9162,1,Conditions,company_financial_stress,0.9665
ADVENZYMES,3,0.8523999999999999,0.9744,2,Conditions,company_financial_stress,0.741
AEGISLOG,1,0.7154,0.7154,0,Character,company_financial_stress,0.2862
AEROENTER,4,0.8216749999999999,0.9291,2,Collateral,company_financial_stress,0.6287
AERONEU,1,0.9302,0.9302,1,Conditions,company_financial_stress,0.9721
AFFLE,2,0.80985,0.9483,1,Collateral,company_financial_stress,0.6239
AFFORDABLE,7,0.8548714285714285,0.9672,5,Character,company_financial_stress,0.7705
AFSL,4,0.849975,0.9321,3,Capital,company_financial_stress,0.79
AGARWALEYE,1,0.9631,0.9631,1,Character,company_financial_stress,0.9852
AGI,3,0.781,0.817,2,Capacity,company_financial_stress,0.7124
AGSTRA,2,0.8913,0.943,2,Character,company_financial_stress,0.9565
AHLADA,5,0.92866,0.9543,5,Conditions,company_financial_stress,0.9715
AHLEAST,1,0.9513,0.9513,1,Conditions,company_financial_stress,0.9805
AHLUCONT,3,0.8258666666666666,0.8775,2,Conditions,promoter_fraud_allegation,0.7303
AIROLAM,1,0.9092,0.9092,1,Character,company_financial_stress,0.9637
AJANTPHARM,2,0.94755,0.9495,2,Character,company_financial_stress,0.979
AJAXENGG,1,0.7215,0.7215,0,Conditions,promoter_fraud_allegation,0.2886
AJMERA,2,0.8906499999999999,0.9485,2,Conditions,company_financial_stress,0.9563
AJOONI,1,0.6333,0.6333,0,Conditions,company_financial_stress,0.2533
AKASH,6,0.82025,0.9597,4,Character,company_financial_stress,0.7281
AKSHARCHEM,2,0.84785,0.9517,1,Character,company_financial_stress,0.6391
AKSHOPTFBR,5,0.8506,0.9594,4,Character,company_financial_stress,0.8202
ALANKIT,1,0.8997,0.8997,1,Collateral,company_financial_stress,0.9599
ALBERTDAVD,2,0.83395,0.9324,1,Character,company_financial_stress,0.6336
ALEMBICLTD,1,0.8521,0.8521,1,Collateral,company_financial_stress,0.9408
ALICON,3,0.9299666666666666,0.9732,3,Character,company_financial_stress,0.972
COMP_00001,6,0.8508166666666667,0.9691,4,Character,company_financial_stress,0.7403
COMP_00003,5,0.961,0.9706,5,Character,company_financial_stress,0.9844
COMP_00006,7,0.9272142857142857,0.9706,6,Character,company_financial_stress,0.8852
COMP_00010,5,0.90152,0.9691,4,Capacity,company_financial_stress,0.8406
COMP_00012,11,0.8603818181818181,0.9703,7,Character,company_financial_stress,0.726
COMP_00013,57,0.8369315789473685,0.9724,39,Character,company_financial_stress,0.7453
COMP_00015,18,0.8479166666666667,0.9752,13,Character,company_financial_stress,0.7725
COMP_00016,1,0.9606,0.9606,1,Capacity,company_financial_stress,0.9842
COMP_00017,11,0.9225636363636363,0.9719,10,Character,company_financial_stress,0.9145
COMP_00018,2,0.93685,0.9565,2,Character,company_financial_stress,0.9747
COMP_00020,8,0.9502625,0.9742,8,Character,company_financial_stress,0.9801
COMP_00022,26,0.9133615384615384,0.9757,24,Character,company_financial_stress,0.9192
COMP_00023,15,0.8708266666666666,0.9736,12,Character,company_financial_stress,0.8283
COMP_00024,5,0.92914,0.97,5,Character,company_financial_stress,0.9717
COMP_00027,5,0.9052199999999999,0.9709,5,Character,company_financial_stress,0.9621
COMP_00028,1,0.8599,0.8599,1,Character,company_financial_stress,0.944
COMP_00031,2,0.96645,0.9725,2,Character,company_financial_stress,0.9866
COMP_00033,13,0.8616230769230769,0.9718,10,Character,company_financial_stress,0.8062
COMP_00034,5,0.9065200000000001,0.9746,4,Character,company_financial_stress,0.8426
COMP_00035,90,0.8457877777777778,0.9746,59,Character,company_financial_stress,0.7316
COMP_00036,25,0.8543120000000001,0.9717,21,Character,promoter_fraud_allegation,0.8457
COMP_00038,2,0.9101999999999999,0.9762,2,Character,company_financial_stress,0.9641
COMP_00041,2,0.9742,0.9755,2,Capacity,company_financial_stress,0.9897
COMP_00043,4,0.9579,0.9751,4,Character,company_financial_stress,0.9832
COMP_00045,1,0.9672,0.9672,1,Character,company_financial_stress,0.9869
COMP_00049,1,0.9595,0.9595,1,Character,company_financial_stress,0.9838
COMP_00053,292,0.8509068493150684,0.9752,206,Character,company_financial_stress,0.7637
COMP_00056,2,0.8942,0.8945,2,Character,promoter_fraud_allegation,0.9577
COMP_00059,2,0.95835,0.9613,2,Character,promoter_fraud_allegation,0.9833
COMP_00060,1,0.6824,0.6824,0,Collateral,company_financial_stress,0.273
COMP_00063,3,0.6455,0.709,0,Character,company_financial_stress,0.2582
COMP_00064,3,0.8464333333333333,0.9334,2,Character,company_financial_stress,0.7386
COMP_00066,189,0.828884126984127,0.9761,117,Character,company_financial_stress,0.703
COMP_00070,8,0.7898375,0.9727,4,Character,company_financial_stress,0.6159
COMP_00071,2,0.954,0.9545,2,Character,promoter_fraud_allegation,0.9816
COMP_00074,1,0.975,0.975,1,Character,promoter_fraud_allegation,0.99
COMP_00076,13,0.8748,0.9706,9,Character,company_financial_stress,0.7653
COMP_00080,3,0.9687,0.974,3,Character,promoter_fraud_allegation,0.9875
COMP_00083,2,0.87245,0.8976,2,Capacity,company_financial_stress,0.949
COMP_00084,30,0.8484633333333333,0.9607,23,Character,company_financial_stress,0.7994
COMP_00086,20,0.905725,0.9723,18,Character,company_financial_stress,0.9023
COMP_00089,1,0.7271,0.7271,0,Character,promoter_fraud_allegation,0.2908
COMP_00090,3,0.7546333333333334,0.8359,1,Character,promoter_fraud_allegation,0.5019
COMP_00092,2,0.94475,0.9701,2,Character,company_financial_stress,0.9779
COMP_00094,12,0.9112833333333333,0.9732,10,Character,company_financial_stress,0.8645
COMP_00097,13,0.8161384615384615,0.9721,6,Character,company_financial_stress,0.6034
COMP_00100,2,0.7637,0.7734,0,Capital,company_financial_stress,0.3055
COMP_00101,9,0.8197666666666666,0.959,6,Character,promoter_fraud_allegation,0.7279
COMP_00102,1,0.7969,0.7969,0,Character,company_financial_stress,0.3188
COMP_00103,34,0.9184735294117647,0.9749,30,Character,company_financial_stress,0.8968
COMP_00104,1,0.9316,0.9316,1,Character,company_financial_stress,0.9726
COMP_00105,1,0.8141,0.8141,1,Character,promoter_fraud_allegation,0.9256
COMP_00110,1,0.6743,0.6743,0,Capacity,company_financial_stress,0.2697
COMP_00113,15,0.8247466666666666,0.9709,10,Character,company_financial_stress,0.7299
COMP_00114,12,0.8797166666666666,0.9741,9,Character,company_financial_stress,0.8019
COMP_00117,3,0.9526333333333333,0.9579,3,Character,company_financial_stress,0.9811
COMP_00120,1,0.9734,0.9734,1,Character,company_financial_stress,0.9894
COMP_00121,6,0.7716166666666666,0.9198,3,Character,company_financial_stress,0.6086
COMP_00122,2,0.93485,0.9716,2,Character,company_financial_stress,0.9739
COMP_00126,1,0.9585,0.9585,1,Character,company_financial_stress,0.9834
COMP_00128,3,0.8679,0.911,3,Character,company_financial_stress,0.9472
COMP_00129,2,0.79165,0.9741,1,Character,company_financial_stress,0.6167
COMP_00133,65,0.8711461538461538,0.974,46,Character,company_financial_stress,0.7731
COMP_00134,12,0.8926083333333333,0.9747,10,Character,company_financial_stress,0.857
COMP_00135,3,0.8784333333333333,0.9709,2,Character,promoter_fraud_allegation,0.7514
COMP_00140,19,0.8465157894736842,0.9756,13,Character,company_litigation_news,0.7491
COMP_00142,8,0.871325,0.9645,6,Character,company_financial_stress,0.7985
COMP_00143,64,0.903440625,0.9742,54,Character,company_financial_stress,0.8676
COMP_00144,8,0.9081875,0.9727,8,Character,promoter_fraud_allegation,0.9633
COMP_00149,1,0.7492,0.7492,0,Conditions,promoter_fraud_allegation,0.2997
COMP_00151,2,0.9231,0.9324,2,Capacity,company_financial_stress,0.9692
COMP_00153,1,0.9655,0.9655,1,Character,promoter_fraud_allegation,0.9862
COMP_00159,1,0.7319,0.7319,0,Capacity,promoter_fraud_allegation,0.2928
COMP_00161,1,0.9628,0.9628,1,Conditions,company_financial_stress,0.9851
COMP_00167,7,0.8997,0.9677,7,Character,company_financial_stress,0.9599
COMP_00177,1,0.9367,0.9367,1,Capacity,company_financial_stress,0.9747
COMP_00182,1,0.9705,0.9705,1,Character,company_financial_stress,0.9882
COMP_00188,10,0.79473,0.9751,5,Character,promoter_fraud_allegation,0.6179
COMP_00189,2,0.95555,0.9633,2,Capacity,company_financial_stress,0.9822
COMP_00191,4,0.8926000000000001,0.9659,3,Character,company_financial_stress,0.807
COMP_00192,1,0.9686,0.9686,1,Character,company_financial_stress,0.9874
COMP_00194,1,0.9747,0.9747,1,Character,promoter_fraud_allegation,0.9899
COMP_00197,6,0.8163999999999999,0.9624,3,Character,company_financial_stress,0.6266
COMP_00198,1,0.9088,0.9088,1,Character,company_financial_stress,0.9635
COMP_00201,64,0.9175078125,0.9751,56,Character,promoter_fraud_allegation,0.892
COMP_00203,3,0.9541333333333334,0.9721,3,Character,company_financial_stress,0.9817
COMP_00205,2,0.94025,0.969,2,Capacity,company_financial_stress,0.9761
COMP_00206,12,0.8211916666666667,0.9746,7,Character,company_financial_stress,0.6785
COMP_00215,3,0.8584666666666667,0.9442,3,Character,company_financial_stress,0.9434
COMP_00219,2,0.9406,0.9677,2,Character,promoter_fraud_allegation,0.9762
COMP_00220,1,0.9691,0.9691,1,Character,company_financial_stress,0.9876
COMP_00221,1,0.6967,0.6967,0,Character,promoter_fraud_allegation,0.2787
COMP_00222,3,0.8241333333333333,0.9549,2,Capacity,company_financial_stress,0.7297
COMP_00223,3,0.9735999999999999,0.9753,3,Character,promoter_fraud_allegation,0.9894
COMP_00225,1,0.9706,0.9706,1,Character,company_financial_stress,0.9882
COMP_00228,1,0.8637,0.8637,1,Character,company_financial_stress,0.9455
COMP_00229,5,0.7949200000000001,0.9239,2,Character,promoter_fraud_allegation,0.558
COMP_00236,4,0.8307,0.9464,3,Character,promoter_fraud_allegation,0.7823
COMP_00240,1,0.6987,0.6987,0,Character,company_financial_stress,0.2795
COMP_00242,4,0.820025,0.9198,2,Capacity,company_financial_stress,0.628
COMP_00246,16,0.82795,0.9698,11,Character,company_financial_stress,0.7437
COMP_00250,6,0.7606999999999999,0.8846,2,Character,company_financial_stress,0.5043
COMP_00256,1,0.8238,0.8238,1,Character,promoter_fraud_allegation,0.9295
COMP_00257,28,0.8523571428571428,0.9748,21,Character,company_financial_stress,0.7909
COMP_00258,1,0.8911,0.8911,1,Character,sector_regulatory_headwind,0.9564
COMP_00263,12,0.8919583333333333,0.9685,9,Character,promoter_fraud_allegation,0.8068
COMP_00267,11,0.9057272727272726,0.9748,8,Character,company_financial_stress,0.7987
COMP_00268,3,0.8159666666666667,0.9249,2,Character,company_financial_stress,0.7264
COMP_00271,7,0.8471000000000001,0.969,5,Character,company_financial_stress,0.7674
COMP_00274,2,0.96945,0.9736,2,Character,company_financial_stress,0.9878
COMP_00278,10,0.8565799999999999,0.9718,7,Character,company_financial_stress,0.7626
COMP_00280,4,0.9667250000000001,0.9726,4,Character,company_financial_stress,0.9867
COMP_00281,12,0.9610833333333333,0.9743,12,Character,company_financial_stress,0.9844
COMP_00284,1,0.9598,0.9598,1,Character,company_financial_stress,0.9839
COMP_00285,27,0.843337037037037,0.9723,19,Character,company_financial_stress,0.7596
COMP_00292,2,0.7697,0.8384,1,Collateral,company_financial_stress,0.6079
COMP_00293,2,0.8425,0.9706,1,Character,company_financial_stress,0.637
COMP_00298,2,0.77815,0.9544,1,Character,company_financial_stress,0.6113
COMP_00299,3,0.7307,0.9,1,Character,company_financial_stress,0.4923
COMP_00301,6,0.9512,0.9707,6,Character,company_financial_stress,0.9805
COMP_00303,1,0.8885,0.8885,1,Capacity,company_financial_stress,0.9554
COMP_00306,15,0.81602,0.9724,8,Character,company_financial_stress,0.6464
COMP_00307,5,0.8211999999999999,0.9445,2,Character,company_financial_stress,0.5685
COMP_00309,1,0.9495,0.9495,1,Character,promoter_fraud_allegation,0.9798
COMP_00311,1,0.9089,0.9089,1,Capacity,company_financial_stress,0.9636
COMP_00312,2,0.9726,0.9747,2,Character,company_financial_stress,0.989
COMP_00315,13,0.8480153846153846,0.9727,8,Character,company_financial_stress,0.7084
COMP_00317,4,0.893825,0.9235,4,Character,company_financial_stress,0.9575
COMP_00320,1,0.9738,0.9738,1,Character,company_financial_stress,0.9895
COMP_00321,6,0.7995166666666668,0.9607,3,Character,company_financial_stress,0.6198
COMP_00323,2,0.93905,0.9481,2,Character,company_financial_stress,0.9756
COMP_00324,1,0.9751,0.9751,1,Capacity,company_financial_stress,0.99
COMP_00329,1,0.8309,0.8309,1,Capacity,company_financial_stress,0.9324
COMP_00336,9,0.9336444444444444,0.9741,8,Character,company_financial_stress,0.9068
COMP_00337,1,0.8471,0.8471,1,Character,company_litigation_news,0.9388
COMP_00338,23,0.8734869565217391,0.9743,16,Capacity,company_financial_stress,0.7668
COMP_00340,17,0.9003882352941176,0.9756,13,Character,company_financial_stress,0.819
COMP_00342,36,0.8393277777777778,0.9705,23,Character,company_financial_stress,0.7191
COMP_00343,101,0.9286891089108911,0.9759,95,Character,company_financial_stress,0.9358
COMP_00349,2,0.8627,0.9424,1,Character,company_financial_stress,0.6451
COMP_00354,59,0.8250203389830508,0.972,40,Character,promoter_fraud_allegation,0.7368
COMP_00355,1,0.9281,0.9281,1,Character,company_financial_stress,0.9712
COMP_00356,4,0.891,0.9567,3,Character,company_financial_stress,0.8064
COMP_00360,2,0.967,0.9701,2,Character,promoter_fraud_allegation,0.9868
COMP_00363,7,0.7374714285714286,0.8497,2,Character,company_financial_stress,0.4664
COMP_00364,2,0.87235,0.9542,1,Capacity,company_financial_stress,0.6489
COMP_00366,1,0.701,0.701,0,Collateral,company_financial_stress,0.2804
COMP_00374,5,0.95624,0.9751,5,Character,company_financial_stress,0.9825
COMP_00375,2,0.7673,0.8995,1,Capacity,company_financial_stress,0.6069
COMP_00377,5,0.97028,0.9754,5,Character,company_financial_stress,0.9881
COMP_00378,1,0.91,0.91,1,Character,company_financial_stress,0.964
COMP_00379,30,0.7807533333333333,0.9582,15,Character,company_financial_stress,0.6123
COMP_00380,1,0.6267,0.6267,0,Collateral,company_financial_stress,0.2507
COMP_00383,1,0.9734,0.9734,1,Character,promoter_controversy,0.9894
COMP_00384,5,0.9263600000000001,0.974,5,Character,company_financial_stress,0.9705
COMP_00388,1,0.8758,0.8758,1,Character,promoter_fraud_allegation,0.9503
COMP_00392,2,0.81965,0.9708,1,Character,company_financial_stress,0.6279
COMP_00397,1,0.9246,0.9246,1,Character,promoter_fraud_allegation,0.9698
COMP_00402,1,0.973,0.973,1,Character,company_financial_stress,0.9892
COMP_00403,3,0.9667333333333333,0.9728,3,Character,company_financial_stress,0.9867
COMP_00407,3,0.8704000000000001,0.9024,3,Character,company_financial_stress,0.9482
COMP_00409,1,0.6768,0.6768,0,Character,promoter_fraud_allegation,0.2707
COMP_00411,18,0.8739,0.9736,14,Character,company_financial_stress,0.8162
COMP_00412,288,0.8387736111111112,0.9746,189,Character,company_financial_stress,0.7293
COMP_00417,1,0.7275,0.7275,0,Character,company_financial_stress,0.291
COMP_00422,10,0.9077,0.973,9,Character,promoter_fraud_allegation,0.9031
COMP_00423,8,0.9196625,0.9752,8,Character,company_financial_stress,0.9679
COMP_00429,9,0.8028444444444445,0.942,5,Character,company_financial_stress,0.6545
COMP_00435,1,0.7503,0.7503,0,Character,company_litigation_news,0.3001
COMP_00436,13,0.8066846153846154,0.9702,8,Character,company_financial_stress,0.6919
COMP_00442,6,0.9652166666666666,0.9754,6,Character,promoter_fraud_allegation,0.9861
COMP_00443,2,0.8326,0.9708,1,Character,company_financial_stress,0.633
COMP_00446,6,0.8728166666666667,0.9556,5,Character,company_financial_stress,0.8491
COMP_00449,2,0.88405,0.9745,1,Capacity,company_financial_stress,0.6536
COMP_00450,83,0.8626096385542168,0.9739,58,Character,company_financial_stress,0.7643
COMP_00453,2,0.776,0.8843,1,Character,company_financial_stress,0.6104
COMP_00464,2,0.7939,0.8017,1,Character,company_financial_stress,0.6176
COMP_00470,1,0.7264,0.7264,0,Capacity,company_financial_stress,0.2906
COMP_00478,12,0.7777166666666666,0.9586,7,Character,company_financial_stress,0.6611
COMP_00482,2,0.8859,0.9239,2,Character,company_financial_stress,0.9544
COMP_00487,1,0.9678,0.9678,1,Character,company_financial_stress,0.9871
COMP_00488,1,0.7977,0.7977,0,Character,company_financial_stress,0.3191
COMP_00489,1,0.9746,0.9746,1,Character,company_financial_stress,0.9898
COMP_00490,1,0.8862,0.8862,1,Character,company_financial_stress,0.9545
COMP_00495,6,0.8748,0.97,5,Character,company_financial_stress,0.8499
COMP_00499,6,0.7614333333333333,0.9669,1,Character,company_financial_stress,0.4046
COMP_00501,2,0.8788,0.9638,1,Character,company_financial_stress,0.6515
COMP_00508,2,0.97065,0.9714,2,Character,company_financial_stress,0.9883
COMP_00522,2,0.9658,0.9719,2,Character,promoter_fraud_allegation,0.9863
COMP_00524,4,0.774625,0.9494,1,Character,company_financial_stress,0.4598
COMP_00525,4,0.8145,0.9755,2,Character,company_financial_stress,0.6258
COMP_00529,16,0.8908874999999999,0.9719,13,Character,company_financial_stress,0.8439
COMP_00534,1434,0.9075584379358437,0.9763,1225,Character,company_financial_stress,0.8756
COMP_00535,5,0.9113199999999999,0.9726,4,Character,promoter_fraud_allegation,0.8445
COMP_00543,1,0.84,0.84,1,Capacity,company_financial_stress,0.936
COMP_00544,12,0.8644583333333333,0.9732,8,Character,company_financial_stress,0.7458
COMP_00548,1,0.9744,0.9744,1,Character,company_financial_stress,0.9898
COMP_00553,1,0.9751,0.9751,1,Character,promoter_fraud_allegation,0.99
COMP_00558,1,0.6094,0.6094,0,Character,promoter_fraud_allegation,0.2438
COMP_00559,2,0.9439,0.971,2,Character,company_financial_stress,0.9776
COMP_00572,1,0.6525,0.6525,0,Character,promoter_fraud_allegation,0.261
COMP_00573,1,0.9774,0.9774,1,Character,company_financial_stress,0.991
COMP_00576,61,0.8299213114754098,0.9723,40,Character,company_financial_stress,0.7254
COMP_00578,1,0.9641,0.9641,1,Character,company_litigation_news,0.9856
COMP_00581,7,0.8582571428571428,0.9712,5,Character,company_financial_stress,0.7719
COMP_00583,23,0.8903217391304348,0.9753,18,Character,company_financial_stress,0.8257
COMP_00588,3,0.8403999999999999,0.949,1,Character,company_financial_stress,0.5362
COMP_00590,13,0.8598923076923076,0.9713,9,Character,company_financial_stress,0.7593
COMP_00593,5,0.8113199999999999,0.9447,2,Character,promoter_fraud_allegation,0.5645
COMP_00598,2,0.9670000000000001,0.9723,2,Character,company_financial_stress,0.9868
COMP_00600,7,0.8446571428571429,0.9754,5,Character,company_financial_stress,0.7664
COMP_00603,1,0.9666,0.9666,1,Character,promoter_fraud_allegation,0.9866
COMP_00607,17,0.8918470588235294,0.9725,13,Character,company_financial_stress,0.8156
COMP_00613,2,0.92415,0.9646,2,Character,promoter_fraud_allegation,0.9697
COMP_00615,6,0.8720833333333333,0.9702,4,Character,promoter_fraud_allegation,0.7488
COMP_00616,1,0.962,0.962,1,Character,promoter_fraud_allegation,0.9848
COMP_00622,6,0.8673833333333333,0.9198,6,Character,company_litigation_news,0.947
COMP_00623,550,0.8241847272727273,0.9752,321,Character,company_financial_stress,0.6799
COMP_00624,1,0.7018,0.7018,0,Character,company_financial_stress,0.2807
COMP_00628,12,0.8491666666666666,0.9605,8,Character,promoter_fraud_allegation,0.7397
COMP_00637,1,0.6159,0.6159,0,Character,promoter_controversy,0.2464
COMP_00639,1,0.9709,0.9709,1,Capacity,company_financial_stress,0.9884
COMP_00640,2,0.9501999999999999,0.9747,2,Character,company_financial_stress,0.9801
COMP_00643,39,0.8791384615384615,0.9747,29,Character,company_financial_stress,0.7978
COMP_00645,2,0.77805,0.8769,1,Character,company_financial_stress,0.6112
COMP_00651,605,0.8611856198347108,0.9763,441,Character,company_financial_stress,0.7818
COMP_00654,9,0.9282999999999999,0.9718,9,Character,company_financial_stress,0.9713
COMP_00658,5,0.7499800000000001,0.882,2,Character,promoter_fraud_allegation,0.54
COMP_00659,22,0.8026454545454546,0.9603,12,Character,company_financial_stress,0.6483
COMP_00660,12,0.8752749999999999,0.9597,10,Character,company_financial_stress,0.8501
COMP_00661,7,0.8628714285714285,0.9711,5,Conditions,company_financial_stress,0.7737
COMP_00662,1,0.7906,0.7906,0,Character,promoter_fraud_allegation,0.3162
COMP_00664,1,0.8869,0.8869,1,Character,company_financial_stress,0.9548
COMP_00671,1,0.9515,0.9515,1,Character,company_financial_stress,0.9806
COMP_00677,20,0.8315049999999999,0.9677,12,Character,company_financial_stress,0.6926
COMP_00678,3,0.7962333333333333,0.9228,1,Character,company_financial_stress,0.5185
COMP_00682,3,0.8939666666666667,0.9754,2,Character,company_financial_stress,0.7576
COMP_00686,3,0.7927,0.8471,1,Character,company_financial_stress,0.5171
COMP_00701,9,0.8691888888888889,0.9536,7,Character,company_financial_stress,0.8143
COMP_00703,22,0.8838681818181818,0.9721,18,Character,company_financial_stress,0.8445
COMP_00704,18,0.8700944444444444,0.9731,13,Character,company_financial_stress,0.7814
COMP_00705,26,0.8824538461538461,0.9718,20,Character,company_financial_stress,0.8145
COMP_00707,1728,0.8952252893518519,0.9769,1420,Character,company_financial_stress,0.8511
COMP_00709,2,0.81315,0.8223,2,Character,company_financial_stress,0.9253
COMP_00710,28,0.8837571428571429,0.9748,23,Character,company_financial_stress,0.8464
COMP_00717,2,0.96935,0.9694,2,Capacity,company_litigation_news,0.9877
COMP_00727,4,0.784925,0.9462,2,Character,promoter_fraud_allegation,0.614
COMP_00731,2,0.9483,0.9565,2,Character,company_financial_stress,0.9793
COMP_00739,1,0.6114,0.6114,0,Character,company_financial_stress,0.2446
COMP_00743,11,0.8585636363636364,0.9521,7,Character,company_financial_stress,0.7252
COMP_00745,12,0.8563916666666667,0.9735,10,Character,company_financial_stress,0.8426
COMP_00747,3,0.9589333333333333,0.9699,3,Character,company_financial_stress,0.9836
COMP_00751,1,0.9343,0.9343,1,Character,company_financial_stress,0.9737
COMP_00752,2,0.9676,0.9754,2,Character,promoter_fraud_allegation,0.987
COMP_00760,2,0.8243499999999999,0.9317,1,Character,promoter_fraud_allegation,0.6297
COMP_00762,3,0.9581,0.9735,3,Character,promoter_fraud_allegation,0.9832
COMP_00763,1,0.9555,0.9555,1,Character,company_financial_stress,0.9822
COMP_00768,1,0.6637,0.6637,0,Character,promoter_fraud_allegation,0.2655
COMP_00770,5,0.8512000000000001,0.9577,3,Character,company_financial_stress,0.7005
COMP_00771,2,0.6965,0.7004,0,Capacity,company_financial_stress,0.2786
COMP_00774,6,0.8791833333333333,0.9484,5,Character,promoter_fraud_allegation,0.8517
COMP_00782,6,0.8586833333333334,0.969,4,Character,promoter_fraud_allegation,0.7435
COMP_00784,15,0.8747666666666666,0.9748,12,Character,company_financial_stress,0.8299
COMP_00790,1,0.9562,0.9562,1,Character,promoter_fraud_allegation,0.9825
COMP_00798,11,0.8636181818181818,0.9614,8,Character,company_financial_stress,0.7818
COMP_00800,6,0.8638833333333333,0.9535,4,Character,company_financial_stress,0.7456
COMP_00802,1,0.9725,0.9725,1,Character,promoter_fraud_allegation,0.989
COMP_00803,1,0.8075,0.8075,1,Conditions,sector_regulatory_headwind,0.923
COMP_00808,2,0.8429,0.9149,1,Capacity,company_financial_stress,0.6372
COMP_00813,5,0.79576,0.9441,3,Character,promoter_fraud_allegation,0.6783
COMP_00816,1,0.9109,0.9109,1,Character,company_financial_stress,0.9644
COMP_00817,1,0.9724,0.9724,1,Character,company_financial_stress,0.989
COMP_00820,7,0.7487571428571428,0.8413,2,Character,promoter_fraud_allegation,0.4709
COMP_00822,1,0.8587,0.8587,1,Character,company_financial_stress,0.9435
COMP_00824,4,0.866275,0.9267,4,Character,company_financial_stress,0.9465
COMP_00830,2,0.9533,0.9586,2,Character,company_financial_stress,0.9813
COMP_00832,2,0.8425499999999999,0.973,1,Character,promoter_controversy,0.637
COMP_00833,1,0.9689,0.9689,1,Capacity,company_financial_stress,0.9876
COMP_00851,1,0.897,0.897,1,Character,company_financial_stress,0.9588
COMP_00856,1,0.9725,0.9725,1,Character,promoter_fraud_allegation,0.989
COMP_00857,6,0.93675,0.9758,6,Character,company_financial_stress,0.9747
COMP_00862,2,0.8894,0.9721,2,Character,company_financial_stress,0.9558
COMP_00863,1,0.9556,0.9556,1,Character,company_financial_stress,0.9822
COMP_00867,1,0.867,0.867,1,Collateral,company_financial_stress,0.9468
COMP_00868,153,0.8107320261437908,0.9726,81,Character,company_financial_stress,0.6419
COMP_00870,1,0.9651,0.9651,1,Character,promoter_fraud_allegation,0.986
COMP_00871,2,0.6309,0.6322,0,Character,company_financial_stress,0.2524
COMP_00876,2,0.6852,0.7471,0,Character,company_litigation_news,0.2741
COMP_00881,1,0.9594,0.9594,1,Character,promoter_fraud_allegation,0.9838
COMP_00885,8,0.783825,0.9377,2,Character,company_financial_stress,0.4635
COMP_00886,1,0.7713,0.7713,0,Character,promoter_fraud_allegation,0.3085
COMP_00891,2,0.8918999999999999,0.9235,2,Character,company_financial_stress,0.9568
COMP_00892,12,0.8214416666666667,0.9432,7,Character,company_financial_stress,0.6786
COMP_00894,12,0.8679916666666667,0.9738,9,Character,company_financial_stress,0.7972
COMP_00895,1,0.7124,0.7124,0,Character,company_litigation_news,0.285
COMP_00903,1,0.9348,0.9348,1,Character,company_financial_stress,0.9739
COMP_00909,12,0.8996416666666667,0.9749,9,Character,company_financial_stress,0.8099
COMP_00912,2,0.8613500000000001,0.9382,1,Character,promoter_fraud_allegation,0.6445
COMP_00913,2,0.69845,0.7185,0,Character,company_litigation_news,0.2794
COMP_00917,15,0.87048,0.9718,12,Character,company_financial_stress,0.8282
COMP_00918,5,0.83816,0.9393,3,Character,promoter_fraud_allegation,0.6953
COMP_00920,2,0.94385,0.9753,2,Character,company_financial_stress,0.9775
COMP_00923,1,0.6792,0.6792,0,Collateral,company_financial_stress,0.2717
COMP_00926,8,0.81135,0.9679,4,Character,promoter_fraud_allegation,0.6245
COMP_00929,2,0.8,0.8539,1,Character,company_financial_stress,0.62
COMP_00930,1,0.8295,0.8295,1,Character,company_litigation_news,0.9318
COMP_00931,2,0.85575,0.8957,2,Character,company_financial_stress,0.9423
COMP_00934,1,0.9229,0.9229,1,Character,company_financial_stress,0.9692
COMP_00939,2,0.8828499999999999,0.9216,2,Character,company_financial_stress,0.9531
COMP_00940,8,0.7560375,0.8285,3,Character,promoter_fraud_allegation,0.5274
COMP_00942,6,0.8459833333333333,0.956,3,Character,company_financial_stress,0.6384
COMP_00943,3,0.8947666666666666,0.9753,2,Character,company_financial_stress,0.7579
COMP_00947,4,0.938525,0.971,4,Character,company_financial_stress,0.9754
COMP_00949,1,0.6174,0.6174,0,Character,company_financial_stress,0.247
COMP_00953,1,0.6995,0.6995,0,Character,company_financial_stress,0.2798
COMP_00954,1,0.9205,0.9205,1,Character,company_financial_stress,0.9682
COMP_00955,4,0.884375,0.9606,3,Character,company_financial_stress,0.8038
COMP_00958,1,0.6851,0.6851,0,Character,company_litigation_news,0.274
COMP_00960,3,0.8941666666666667,0.9705,3,Character,company_financial_stress,0.9577
COMP_00964,1,0.6675,0.6675,0,Character,promoter_fraud_allegation,0.267
COMP_00966,8,0.7794375,0.9182,3,Character,company_financial_stress,0.5368
COMP_00979,13,0.8220153846153846,0.9731,7,Character,promoter_fraud_allegation,0.6519
COMP_00984,1,0.8641,0.8641,1,Character,company_financial_stress,0.9456
COMP_00987,2,0.7884,0.9735,1,Character,company_financial_stress,0.6154
COMP_00997,1,0.934,0.934,1,Character,company_financial_stress,0.9736
COMP_01000,10,0.85656,0.973,6,Character,promoter_fraud_allegation,0.7026
COMP_01002,2,0.74395,0.7935,0,Character,company_financial_stress,0.2976
COMP_01009,5,0.85838,0.9406,4,Character,company_financial_stress,0.8234
COMP_01010,15,0.8571133333333333,0.9766,11,Character,company_financial_stress,0.7828
COMP_01011,1,0.8951,0.8951,1,Conditions,company_financial_stress,0.958
COMP_01014,1,0.8857,0.8857,1,Conditions,promoter_fraud_allegation,0.9543
COMP_01015,5,0.9277599999999999,0.9706,5,Character,company_financial_stress,0.9711
COMP_01017,1,0.6807,0.6807,0,Character,promoter_fraud_allegation,0.2723
COMP_01018,2,0.82055,0.8963,1,Character,company_financial_stress,0.6282
COMP_01020,1,0.8325,0.8325,1,Character,company_financial_stress,0.933
COMP_01021,9,0.7996222222222222,0.9292,5,Character,company_financial_stress,0.6532
COMP_01022,1,0.9759,0.9759,1,Character,company_financial_stress,0.9904
COMP_01037,1,0.7987,0.7987,0,Character,promoter_fraud_allegation,0.3195
COMP_01043,1,0.9726,0.9726,1,Character,company_financial_stress,0.989
COMP_01046,1,0.6035,0.6035,0,Character,company_financial_stress,0.2414
COMP_01048,2,0.92255,0.9271,2,Character,company_litigation_news,0.969
COMP_01056,8,0.840825,0.9678,5,Character,company_financial_stress,0.7113
COMP_01058,1,0.8788,0.8788,1,Character,company_financial_stress,0.9515
COMP_01063,1,0.7888,0.7888,0,Character,promoter_fraud_allegation,0.3155
COMP_01066,1,0.8268,0.8268,1,Character,promoter_fraud_allegation,0.9307
COMP_01067,9,0.9107444444444445,0.9683,8,Character,company_financial_stress,0.8976
COMP_01068,11,0.8437727272727272,0.973,7,Character,company_financial_stress,0.7193
COMP_01070,2,0.9706,0.9733,2,Character,company_financial_stress,0.9882
COMP_01071,1,0.6775,0.6775,0,Collateral,company_litigation_news,0.271
COMP_01072,3,0.8745333333333333,0.9751,2,Character,company_financial_stress,0.7498
COMP_01073,1,0.9721,0.9721,1,Conditions,company_financial_stress,0.9888
COMP_01085,11,0.811390909090909,0.9633,7,Character,company_financial_stress,0.7064
COMP_01086,3,0.7764000000000001,0.826,1,Character,company_financial_stress,0.5106
COMP_01094,3,0.8904333333333333,0.9244,3,Character,company_financial_stress,0.9562
COMP_01096,7,0.8070428571428572,0.9124,5,Character,company_financial_stress,0.7514
COMP_01097,2,0.7254499999999999,0.8375,1,Character,company_litigation_news,0.5902
COMP_01107,20,0.8537800000000001,0.9732,13,Character,company_financial_stress,0.7315
COMP_01113,2,0.8581000000000001,0.9584,1,Character,company_financial_stress,0.6432
COMP_01120,1,0.8562,0.8562,1,Character,company_financial_stress,0.9425
COMP_01121,2,0.88105,0.9665,1,Character,company_financial_stress,0.6524
COMP_01122,9,0.8609,0.9732,6,Character,company_financial_stress,0.7444
COMP_01125,36,0.7727555555555555,0.9671,16,Character,promoter_fraud_allegation,0.5758
COMP_01127,13,0.8288923076923077,0.9704,8,Character,company_financial_stress,0.7008
COMP_01128,1,0.9667,0.9667,1,Character,company_financial_stress,0.9867
COMP_01129,1,0.6235,0.6235,0,Collateral,company_litigation_news,0.2494
COMP_01130,11,0.7576090909090909,0.9557,3,Character,company_financial_stress,0.4667
COMP_01132,8,0.8298875,0.9583,5,Character,company_financial_stress,0.707
COMP_01137,12,0.8512,0.9743,7,Character,company_financial_stress,0.6905
COMP_01138,4,0.8694500000000001,0.9456,4,Character,company_financial_stress,0.9478
COMP_01141,1,0.9756,0.9756,1,Character,promoter_fraud_allegation,0.9902
COMP_01145,1,0.946,0.946,1,Character,company_financial_stress,0.9784
COMP_01149,28,0.8278821428571429,0.9732,17,Character,company_financial_stress,0.6954
COMP_01159,4,0.826675,0.9594,3,Character,promoter_fraud_allegation,0.7807
COMP_01164,2,0.8033,0.8367,1,Character,company_financial_stress,0.6213
COMP_01166,1,0.7869,0.7869,0,Character,company_financial_stress,0.3148
COMP_01170,19,0.8905947368421052,0.9761,15,Character,company_financial_stress,0.8299
COMP_01173,10,0.77893,0.9182,5,Character,company_financial_stress,0.6116
COMP_01177,1,0.9727,0.9727,1,Character,company_litigation_news,0.9891
COMP_01179,2,0.9041,0.9615,2,Character,company_financial_stress,0.9616
COMP_01183,3,0.8723666666666666,0.9615,2,Character,company_litigation_news,0.7489
COMP_01196,11,0.888190909090909,0.9607,10,Character,company_financial_stress,0.9007
COMP_01197,1,0.6039,0.6039,0,Capacity,company_financial_stress,0.2416
COMP_01199,1,0.7473,0.7473,0,Character,company_financial_stress,0.2989
COMP_01200,2,0.95465,0.962,2,Character,company_financial_stress,0.9819
COMP_01204,2,0.8920999999999999,0.9017,2,Character,company_financial_stress,0.9568
COMP_01205,10,0.8272999999999999,0.9568,6,Character,company_financial_stress,0.6909
COMP_01206,3,0.8104333333333334,0.9508,1,Character,promoter_fraud_allegation,0.5242
COMP_01207,1,0.6623,0.6623,0,Collateral,company_litigation_news,0.2649
COMP_01209,21,0.8562428571428572,0.9718,16,Character,company_financial_stress,0.7996
COMP_01217,23,0.8685826086956522,0.9756,16,Character,company_financial_stress,0.7648
COMP_01218,2,0.9072,0.9181,2,Character,company_financial_stress,0.9629
COMP_01219,33,0.8293333333333333,0.9677,18,Character,company_financial_stress,0.659
COMP_01220,1,0.6381,0.6381,0,Character,company_financial_stress,0.2552
COMP_01221,15,0.8420866666666667,0.9696,10,Character,company_financial_stress,0.7368
COMP_01222,13,0.9558769230769231,0.9748,13,Character,company_financial_stress,0.9824
COMP_01225,3,0.9653999999999999,0.9703,3,Character,promoter_fraud_allegation,0.9862
COMP_01226,2,0.75525,0.8083,1,Character,promoter_fraud_allegation,0.6021
COMP_01230,10,0.89381,0.9725,8,Character,company_financial_stress,0.8375
COMP_01231,20,0.8562,0.9671,14,Character,company_financial_stress,0.7625
COMP_01233,2,0.7918499999999999,0.96,1,Character,company_litigation_news,0.6167
COMP_01234,1,0.9199,0.9199,1,Character,company_financial_stress,0.968
COMP_01236,2,0.9532,0.9546,2,Character,company_financial_stress,0.9813
COMP_01237,1,0.7876,0.7876,0,Character,company_litigation_news,0.315
COMP_01238,4,0.937325,0.9719,4,Capacity,company_financial_stress,0.9749
COMP_01242,9,0.8361777777777778,0.9706,6,Character,company_financial_stress,0.7345
COMP_01243,7,0.8392714285714286,0.9711,5,Character,company_financial_stress,0.7643
COMP_01244,9,0.8914777777777778,0.9737,7,Character,company_financial_stress,0.8233
COMP_01245,8,0.79405,0.9227,4,Character,promoter_fraud_allegation,0.6176
COMP_01246,13,0.7969846153846153,0.9138,6,Character,promoter_fraud_allegation,0.5957
COMP_01248,1,0.7732,0.7732,0,Character,company_financial_stress,0.3093
COMP_01253,18,0.8411111111111111,0.9709,11,Character,company_financial_stress,0.7031
COMP_01262,2,0.9128000000000001,0.9582,2,Character,company_financial_stress,0.9651
COMP_01272,1,0.9609,0.9609,1,Character,company_financial_stress,0.9844
COMP_01285,10,0.8445500000000001,0.9534,8,Character,promoter_fraud_allegation,0.8178
COMP_01289,4,0.85345,0.939,3,Character,company_financial_stress,0.7914
COMP_01291,2,0.93435,0.9597,2,Character,company_financial_stress,0.9737
COMP_01292,2,0.9289499999999999,0.9576,2,Character,company_financial_stress,0.9716
COMP_01306,4,0.762125,0.8607,1,Character,company_litigation_news,0.4549
COMP_01313,2,0.87075,0.9656,1,Collateral,company_financial_stress,0.6483
COMP_01315,1,0.9386,0.9386,1,Conditions,promoter_fraud_allegation,0.9754
COMP_01317,1,0.8156,0.8156,1,Character,company_financial_stress,0.9262
COMP_01322,1,0.6975,0.6975,0,Character,company_financial_stress,0.279
COMP_01327,2,0.97475,0.975,2,Character,company_financial_stress,0.9899
COMP_01328,8,0.787575,0.9709,4,Character,company_financial_stress,0.615
COMP_01329,9,0.8499444444444444,0.9474,7,Character,company_financial_stress,0.8066
COMP_01330,1,0.8054,0.8054,1,Character,company_litigation_news,0.9222
COMP_01331,2,0.97485,0.9757,2,Capital,company_financial_stress,0.9899
COMP_01336,3,0.9739333333333334,0.9753,3,Character,promoter_fraud_allegation,0.9896
COMP_01339,2,0.7812,0.8686,1,Character,company_financial_stress,0.6125
COMP_01341,4,0.934275,0.9674,4,Character,company_financial_stress,0.9737
COMP_01347,1,0.9683,0.9683,1,Character,company_financial_stress,0.9873
COMP_01349,8,0.826525,0.9472,5,Character,promoter_fraud_allegation,0.7056
COMP_01353,12,0.8062416666666667,0.9574,6,Character,promoter_fraud_allegation,0.6225
COMP_01357,2,0.95885,0.9743,2,Character,promoter_fraud_allegation,0.9835
COMP_01358,1,0.895,0.895,1,Character,promoter_fraud_allegation,0.958
COMP_01359,14,0.8226214285714286,0.9714,7,Character,promoter_fraud_allegation,0.629
COMP_01362,12,0.7758916666666668,0.9732,5,Character,promoter_fraud_allegation,0.5604
COMP_01364,6,0.84375,0.8944,4,Character,company_financial_stress,0.7375
COMP_01365,12,0.8851999999999999,0.9721,8,Character,promoter_fraud_allegation,0.7541
COMP_01366,2,0.92465,0.9457,2,Character,company_financial_stress,0.9699
COMP_01367,2,0.95915,0.9678,2,Character,company_financial_stress,0.9837
COMP_01368,1,0.9442,0.9442,1,Character,promoter_fraud_allegation,0.9777
COMP_01375,1,0.9366,0.9366,1,Character,promoter_fraud_allegation,0.9746
COMP_01382,2,0.7993,0.8988,1,Character,promoter_fraud_allegation,0.6197
COMP_01385,1,0.6512,0.6512,0,Collateral,company_financial_stress,0.2605
COMP_01387,1,0.8162,0.8162,1,Collateral,company_financial_stress,0.9265
COMP_01391,2,0.95655,0.973,2,Capacity,company_financial_stress,0.9826
COMP_01397,4,0.91355,0.9727,3,Character,company_financial_stress,0.8154
COMP_01399,1,0.6982,0.6982,0,Character,promoter_fraud_allegation,0.2793
COMP_01400,5,0.74692,0.971,2,Character,company_financial_stress,0.5388
COMP_01401,12,0.9327666666666666,0.9755,11,Character,promoter_fraud_allegation,0.9231
COMP_01404,1,0.8414,0.8414,1,Character,company_financial_stress,0.9366
COMP_01410,580,0.891564827586207,0.977,472,Character,company_financial_stress,0.8449
COMP_01413,2,0.8974,0.9102,2,Character,company_litigation_news,0.959
COMP_01417,2,0.7858,0.9228,1,Character,promoter_fraud_allegation,0.6143
COMP_01418,2,0.8385499999999999,0.964,1,Character,company_financial_stress,0.6354
COMP_01421,15,0.84206,0.9732,10,Character,company_financial_stress,0.7368
COMP_01424,3,0.9432333333333333,0.9648,3,Character,company_financial_stress,0.9773
COMP_01428,8,0.8010999999999999,0.9497,5,Character,company_financial_stress,0.6954
COMP_01437,1,0.95,0.95,1,Character,promoter_fraud_allegation,0.98
COMP_01439,2,0.92225,0.9403,2,Character,company_financial_stress,0.9689
COMP_01441,2,0.7504,0.8554,1,Character,company_financial_stress,0.6002
COMP_01442,8,0.8383875000000001,0.9569,5,Character,company_financial_stress,0.7104
COMP_01445,2,0.71625,0.7402,0,Character,promoter_fraud_allegation,0.2865
COMP_01448,1,0.9544,0.9544,1,Character,promoter_fraud_allegation,0.9818
COMP_01454,14,0.8384642857142858,0.9702,9,Character,company_financial_stress,0.7211
COMP_01458,26,0.8392807692307692,0.9656,18,Character,company_financial_stress,0.7511
COMP_01462,1,0.9,0.9,1,Character,promoter_fraud_allegation,0.96
COMP_01464,13,0.8457461538461538,0.9486,10,Character,company_financial_stress,0.7998
COMP_01475,4,0.918625,0.9633,4,Character,company_financial_stress,0.9674
COMP_01483,29,0.8718379310344828,0.9753,23,Character,company_financial_stress,0.8246
COMP_01486,52,0.8610634615384616,0.9715,41,Character,company_financial_stress,0.8175
COMP_01488,1,0.9595,0.9595,1,Character,company_financial_stress,0.9838
COMP_01489,1,0.9663,0.9663,1,Character,promoter_fraud_allegation,0.9865
COMP_01491,16,0.86655625,0.9648,11,Character,promoter_fraud_allegation,0.7591
COMP_01496,2,0.9551499999999999,0.9736,2,Character,company_financial_stress,0.9821
COMP_01506,2,0.7956000000000001,0.9119,1,Character,promoter_fraud_allegation,0.6182
COMP_01509,1,0.8669,0.8669,1,Character,company_financial_stress,0.9468
COMP_01511,2,0.7517,0.7979,0,Character,promoter_fraud_allegation,0.3007
COMP_01512,4,0.79775,0.9472,1,Character,company_financial_stress,0.4691
COMP_01519,1,0.9571,0.9571,1,Conditions,sector_regulatory_headwind,0.9828
COMP_01521,7,0.8723714285714286,0.9718,6,Character,company_financial_stress,0.8632
COMP_01524,2,0.9168499999999999,0.9359,2,Character,company_financial_stress,0.9667
COMP_01525,2,0.84185,0.8738,2,Character,company_financial_stress,0.9367
COMP_01530,15,0.8353466666666667,0.9616,9,Character,company_financial_stress,0.6941
COMP_01534,4,0.719425,0.8422,1,Character,promoter_fraud_allegation,0.4378
COMP_01541,46,0.8550217391304349,0.9742,33,Character,company_financial_stress,0.7724
COMP_01543,2,0.79145,0.9617,1,Character,company_financial_stress,0.6166
COMP_01549,1,0.781,0.781,0,Character,company_financial_stress,0.3124
COMP_01552,1,0.6793,0.6793,0,Character,promoter_fraud_allegation,0.2717
COMP_01556,7,0.8800285714285714,0.9545,7,Character,company_financial_stress,0.952
COMP_01559,2,0.8807,0.964,1,Character,company_financial_stress,0.6523
COMP_01569,4,0.90695,0.9708,3,Character,company_financial_stress,0.8128
COMP_01574,177,0.78485197740113,0.9695,85,Character,company_financial_stress,0.6021
COMP_01581,1,0.9264,0.9264,1,Character,company_financial_stress,0.9706
COMP_01582,31,0.8552225806451613,0.9756,22,Character,company_financial_stress,0.7679
COMP_01583,9,0.7984777777777778,0.9318,5,Character,promoter_fraud_allegation,0.6527
COMP_01587,1,0.8776,0.8776,1,Character,company_financial_stress,0.951
COMP_01591,2,0.8677999999999999,0.8804,2,Character,company_financial_stress,0.9471
COMP_01595,2,0.9526,0.9579,2,Character,company_financial_stress,0.981
COMP_01598,2,0.66415,0.7211,0,Collateral,promoter_fraud_allegation,0.2657
COMP_01605,31,0.8306709677419354,0.9735,19,Character,company_financial_stress,0.7
COMP_01608,5,0.8962,0.9418,4,Collateral,company_financial_stress,0.8385
COMP_01613,1,0.7925,0.7925,0,Character,company_financial_stress,0.317
COMP_01621,19,0.7848526315789474,0.9741,9,Character,promoter_fraud_allegation,0.5982
COMP_01622,16,0.84451875,0.9755,10,Character,company_financial_stress,0.7128
COMP_01632,804,0.8857962686567165,0.9772,631,Character,company_financial_stress,0.8252
COMP_01636,2,0.96265,0.9755,2,Capacity,company_financial_stress,0.9851
COMP_01658,38,0.8055947368421053,0.964,23,Character,promoter_fraud_allegation,0.6854
COMP_01659,2,0.93065,0.9382,2,Character,promoter_fraud_allegation,0.9723
COMP_01660,9,0.8536888888888889,0.9655,7,Character,company_financial_stress,0.8081
COMP_01673,12,0.8664999999999999,0.9748,9,Character,promoter_fraud_allegation,0.7966
COMP_01677,1,0.6129,0.6129,0,Character,company_financial_stress,0.2452
COMP_01682,2,0.9587,0.9629,2,Character,company_financial_stress,0.9835
COMP_01690,2,0.92945,0.9692,2,Character,company_litigation_news,0.9718
COMP_01691,3,0.927,0.9757,3,Character,promoter_fraud_allegation,0.9708
COMP_01693,7,0.8265428571428571,0.973,4,Character,company_financial_stress,0.6735
COMP_01695,9,0.9037777777777778,0.9707,8,Character,company_financial_stress,0.8948
COMP_01696,6,0.85905,0.9695,4,Character,company_financial_stress,0.7436
COMP_01697,5,0.9238799999999999,0.9746,5,Character,company_financial_stress,0.9696
COMP_01704,1,0.6726,0.6726,0,Collateral,company_litigation_news,0.269
COMP_01708,2,0.8382000000000001,0.9343,1,Character,company_financial_stress,0.6353
COMP_01718,3,0.9448,0.968,3,Character,promoter_fraud_allegation,0.9779
COMP_01719,15,0.8959466666666667,0.9771,12,Character,company_financial_stress,0.8384
COMP_01720,9,0.8188111111111112,0.9571,5,Character,company_financial_stress,0.6609
COMP_01725,2,0.7760499999999999,0.9379,1,Character,company_financial_stress,0.6104
COMP_01730,6,0.8819833333333333,0.9674,4,Character,company_financial_stress,0.7528
COMP_01739,1,0.6735,0.6735,0,Character,promoter_fraud_allegation,0.2694
COMP_01740,2,0.89085,0.9048,2,Capacity,company_financial_stress,0.9563
COMP_01741,2,0.87735,0.9651,1,Character,company_financial_stress,0.6509
COMP_01743,5,0.81716,0.9697,2,Character,promoter_fraud_allegation,0.5669
COMP_01752,1,0.7153,0.7153,0,Conditions,company_financial_stress,0.2861
COMP_01756,14,0.8495999999999999,0.9712,10,Character,company_financial_stress,0.7684
COMP_01757,2,0.7762,0.8445,1,Character,promoter_fraud_allegation,0.6105
COMP_01765,1,0.612,0.612,0,Character,promoter_fraud_allegation,0.2448
COMP_01769,1,0.9759,0.9759,1,Character,company_financial_stress,0.9904
COMP_01771,1,0.7142,0.7142,0,Character,company_financial_stress,0.2857
COMP_01772,2,0.9532499999999999,0.9544,2,Character,company_financial_stress,0.9813
COMP_01774,9,0.8492333333333334,0.9706,6,Character,company_financial_stress,0.7397
COMP_01786,5,0.8411799999999999,0.9511,3,Character,company_financial_stress,0.6965
COMP_01792,1,0.6386,0.6386,0,Character,company_financial_stress,0.2554
COMP_01800,3,0.8307666666666668,0.8464,3,Character,company_financial_stress,0.9323
COMP_01804,3,0.9457,0.9683,3,Capacity,company_financial_stress,0.9783
COMP_01810,4,0.7682,0.8082,2,Character,company_litigation_news,0.6073
COMP_01811,10,0.8313200000000001,0.9763,6,Character,company_financial_stress,0.6925
COMP_01812,2,0.9735,0.9739,2,Character,company_financial_stress,0.9894
COMP_01815,26,0.79105,0.9723,12,Character,company_financial_stress,0.5933
COMP_01833,1,0.8105,0.8105,1,Character,company_financial_stress,0.9242
COMP_01836,1,0.6081,0.6081,0,Character,company_financial_stress,0.2432
COMP_01844,7,0.8860142857142856,0.962,6,Character,company_financial_stress,0.8687
COMP_01848,16,0.8947937499999999,0.9717,14,Character,company_financial_stress,0.8829
COMP_01850,1,0.9761,0.9761,1,Character,promoter_fraud_allegation,0.9904
COMP_01852,2,0.9342999999999999,0.94,2,Capacity,company_financial_stress,0.9737
COMP_01854,1,0.699,0.699,0,Character,company_litigation_news,0.2796
COMP_01857,2,0.9621999999999999,0.9734,2,Capacity,company_financial_stress,0.9849
COMP_01860,24,0.8212916666666666,0.9684,16,Character,company_financial_stress,0.7285
COMP_01863,14,0.8742928571428571,0.9731,11,Character,company_financial_stress,0.8211
COMP_01865,5,0.9111,0.9704,4,Character,company_financial_stress,0.8444
COMP_01866,5,0.76598,0.9202,2,Character,promoter_fraud_allegation,0.5464
COMP_01871,2,0.97625,0.9763,2,Character,company_financial_stress,0.9905
COMP_01882,1,0.8602,0.8602,1,Character,company_financial_stress,0.9441
COMP_01883,23,0.8701043478260869,0.973,17,Character,promoter_fraud_allegation,0.7915
COMP_01884,78,0.8025217948717949,0.9704,43,Character,company_financial_stress,0.6518
COMP_01887,3,0.8489,0.9701,1,Character,company_financial_stress,0.5396
COMP_01891,2,0.8044,0.949,1,Character,promoter_fraud_allegation,0.6218
COMP_01903,2,0.9520500000000001,0.9748,2,Character,company_financial_stress,0.9808
COMP_01907,5,0.8934,0.9705,4,Character,company_financial_stress,0.8374
COMP_01911,3,0.9539333333333334,0.9674,3,Collateral,company_financial_stress,0.9816
COMP_01913,1,0.8238,0.8238,1,Character,company_financial_stress,0.9295
COMP_01915,1,0.8873,0.8873,1,Character,company_financial_stress,0.9549
COMP_01916,1,0.9103,0.9103,1,Capacity,company_financial_stress,0.9641
COMP_01921,12,0.87115,0.9744,10,Character,company_financial_stress,0.8485
COMP_01927,133,0.8080473684210526,0.9667,75,Character,company_litigation_news,0.6616
COMP_01930,1,0.8314,0.8314,1,Character,promoter_fraud_allegation,0.9326
COMP_01931,4,0.807975,0.9626,2,Character,company_financial_stress,0.6232
COMP_01934,8,0.8547375,0.9629,4,Character,company_financial_stress,0.6419
COMP_01939,3,0.9079666666666667,0.9386,3,Collateral,company_financial_stress,0.9632
COMP_01941,6,0.8954166666666667,0.9486,5,Character,company_financial_stress,0.8582
COMP_01944,2,0.9713499999999999,0.9749,2,Character,company_financial_stress,0.9885
COMP_01954,9,0.8244444444444444,0.9738,6,Character,promoter_fraud_allegation,0.7298
COMP_01955,11,0.8245363636363637,0.9709,7,Character,promoter_fraud_allegation,0.7116
COMP_01957,1,0.9406,0.9406,1,Conditions,promoter_fraud_allegation,0.9762
COMP_01960,559,0.8394071556350625,0.9765,386,Character,company_financial_stress,0.7501
COMP_01967,1,0.9522,0.9522,1,Character,promoter_fraud_allegation,0.9809
COMP_01968,7,0.8270857142857143,0.969,3,Character,company_financial_stress,0.588
COMP_01974,1,0.9705,0.9705,1,Character,company_financial_stress,0.9882
COMP_01977,14,0.8954785714285715,0.9726,13,Character,company_financial_stress,0.9153
COMP_01978,1,0.9421,0.9421,1,Character,promoter_fraud_allegation,0.9768
COMP_01982,4,0.91065,0.9745,4,Character,promoter_fraud_allegation,0.9643
COMP_01984,1,0.9723,0.9723,1,Character,company_financial_stress,0.9889
COMP_01986,16,0.8945562499999999,0.9669,14,Character,company_financial_stress,0.8828
COMP_01988,1,0.8996,0.8996,1,Character,company_financial_stress,0.9598
COMP_01990,4,0.788875,0.9161,1,Character,company_financial_stress,0.4656
COMP_02008,8,0.8539125,0.9649,5,Character,company_financial_stress,0.7166
COMP_02012,10,0.8392799999999999,0.9685,7,Character,company_financial_stress,0.7557
COMP_02014,1,0.7928,0.7928,0,Character,promoter_fraud_allegation,0.3171
COMP_02015,1,0.8331,0.8331,1,Character,company_financial_stress,0.9332
COMP_02018,1,0.9728,0.9728,1,Character,company_financial_stress,0.9891
COMP_02019,2,0.89465,0.9504,2,Character,company_financial_stress,0.9579
COMP_02026,1,0.9251,0.9251,1,Character,promoter_fraud_allegation,0.97
COMP_02028,2,0.97525,0.9757,2,Character,promoter_fraud_allegation,0.9901
COMP_02037,10,0.79444,0.9619,4,Character,company_financial_stress,0.5578
COMP_02039,305,0.8821560655737705,0.9759,241,Character,company_financial_stress,0.827
COMP_02043,2,0.9168499999999999,0.9256,2,Character,company_financial_stress,0.9667
COMP_02045,5,0.70556,0.8325,1,Character,company_financial_stress,0.4022
COMP_02054,3,0.9218000000000001,0.971,3,Character,promoter_fraud_allegation,0.9687
COMP_02058,2,0.9708,0.9738,2,Character,company_financial_stress,0.9883
COMP_02059,11,0.768590909090909,0.9675,5,Character,company_financial_stress,0.5802
COMP_02070,1,0.7268,0.7268,0,Character,promoter_fraud_allegation,0.2907
COMP_02072,3,0.8507333333333333,0.9661,2,Capacity,company_financial_stress,0.7403
COMP_02081,3,0.8449666666666666,0.9505,2,Character,company_financial_stress,0.738
COMP_02085,4,0.8509,0.9411,3,Character,promoter_fraud_allegation,0.7904
COMP_02091,3,0.8597999999999999,0.8962,3,Character,promoter_fraud_allegation,0.9439
COMP_02099,9,0.9320999999999999,0.976,8,Character,company_financial_stress,0.9062
COMP_02107,2,0.80785,0.8277,1,Character,promoter_fraud_allegation,0.6231
COMP_02115,7,0.7935428571428572,0.9637,3,Character,company_financial_stress,0.5746
COMP_02117,9,0.8648666666666667,0.9751,6,Character,company_financial_stress,0.7459
COMP_02122,2,0.7202500000000001,0.8092,1,Character,company_litigation_news,0.5881
COMP_02126,1,0.6016,0.6016,0,Character,company_financial_stress,0.2406
COMP_02127,2,0.75115,0.8422,1,Character,company_financial_stress,0.6005
COMP_02131,9,0.8888666666666667,0.9734,7,Character,company_financial_stress,0.8222
COMP_02135,11,0.7784727272727273,0.947,6,Character,company_financial_stress,0.6387
COMP_02141,1,0.6263,0.6263,0,Character,company_financial_stress,0.2505
COMP_02142,7,0.8289142857142856,0.9709,4,Character,company_financial_stress,0.6744
COMP_02148,9,0.8840111111111111,0.9742,7,Character,company_financial_stress,0.8203
COMP_02151,3,0.9681666666666667,0.9753,3,Character,promoter_fraud_allegation,0.9873
COMP_02152,1,0.9698,0.9698,1,Character,promoter_fraud_allegation,0.9879
COMP_02161,2,0.94055,0.9699,2,Character,company_financial_stress,0.9762
COMP_02164,11,0.8561181818181819,0.9661,8,Character,company_financial_stress,0.7788
COMP_02165,6,0.82665,0.9239,4,Character,company_financial_stress,0.7307
COMP_02172,2,0.8761,0.9278,2,Character,company_financial_stress,0.9504
COMP_02176,2,0.8377,0.9498,1,Capacity,company_financial_stress,0.6351
COMP_02178,1,0.7035,0.7035,0,Character,promoter_fraud_allegation,0.2814
COMP_02187,8,0.836375,0.9694,5,Character,company_financial_stress,0.7096
COMP_02189,28,0.8056964285714285,0.9658,16,Character,company_financial_stress,0.6651
COMP_02201,4,0.84475,0.9521,3,Character,promoter_fraud_allegation,0.7879
COMP_02202,3,0.9639000000000001,0.9773,3,Character,company_financial_stress,0.9856
COMP_02204,14,0.8426571428571429,0.9616,10,Character,company_financial_stress,0.7656
COMP_02208,2,0.87185,0.9741,1,Capacity,company_financial_stress,0.6487
COMP_02209,18,0.8905944444444445,0.9748,15,Character,company_financial_stress,0.8562
COMP_02219,13,0.8463692307692308,0.9694,9,Character,company_financial_stress,0.7539
COMP_02221,2,0.9310499999999999,0.9685,2,Capacity,company_financial_stress,0.9724
COMP_02224,1,0.9519,0.9519,1,Character,company_financial_stress,0.9808
COMP_02232,9,0.8138444444444445,0.9281,6,Character,company_financial_stress,0.7255
COMP_02234,9,0.8942000000000001,0.9749,8,Character,company_financial_stress,0.891
COMP_02235,1,0.9405,0.9405,1,Character,company_financial_stress,0.9762
COMP_02237,10,0.81418,0.9599,6,Character,company_financial_stress,0.6857
board_meetings,276,0.7854789855072464,0.9681,133,Character,company_financial_stress,0.6033
